City_ID,City,Lat,Lng,Max Temp,Humidity,Cloudiness,Wind Speed,Country,Date
0,talnakh,69.4865,88.3972,-12.31,95,100,3.85,RU,2025-03-06 02:45:36
1,tofol,5.3248,163.0078,28.23,71,100,10.19,FM,2025-03-06 02:45:38
2,albany,42.6001,-73.9662,10.36,93,100,1.79,US,2025-03-06 02:45:39
3,bethel,41.3712,-73.414,10.36,91,100,1.34,US,2025-03-06 02:45:40
4,vorgashor,67.5833,63.95,-20.94,100,93,2.28,RU,2025-03-06 02:45:18
5,port-aux-francais,-49.35,70.2167,6.31,91,99,7.38,TF,2025-03-06 02:44:56
6,yellowknife,62.456,-114.3525,-20.71,84,20,1.03,CA,2025-03-06 02:44:54
7,saint-pierre,-21.3393,55.4781,25.82,57,0,4.12,RE,2025-03-06 02:45:44
8,edinburgh of the seven seas,-37.0676,-12.3116,16.6,65,57,5.36,SH,2025-03-06 02:45:19
9,blackmans bay,-43.0167,147.3167,18.07,60,49,0.45,AU,2025-03-06 02:45:46
10,grytviken,-54.2811,-36.5092,5.34,95,78,5.19,GS,2025-03-06 02:44:55
11,lata,40.1629,-8.3327,10.3,96,100,1.52,PT,2025-03-06 02:45:49
12,hithadhoo,-0.6,73.0833,27.74,76,100,2.93,MV,2025-03-06 02:45:50
13,college,64.8569,-147.8028,3.99,52,75,2.06,US,2025-03-06 02:44:20
14,bilibino,68.0546,166.4372,-24.15,95,93,1.4,RU,2025-03-06 02:45:52
15,ust-nera,64.5667,143.2,-23.27,91,100,1.94,RU,2025-03-06 02:45:53
16,hawaiian paradise park,19.5933,-154.9731,25.96,78,75,3.6,US,2025-03-06 02:45:54
17,dudinka,69.4058,86.1778,-9.42,95,100,4.53,RU,2025-03-06 02:45:55
18,iqaluit,63.7506,-68.5145,-23.15,70,75,2.06,CA,2025-03-06 02:45:06
19,punta arenas,-53.15,-70.9167,7.06,81,0,4.12,CL,2025-03-06 02:45:57
20,keflavik,64.0049,-22.5624,2.24,87,40,4.63,IS,2025-03-06 02:45:58
21,puerto natales,-51.7236,-72.4875,4.6,92,4,1.32,CL,2025-03-06 02:44:52
22,waitangi,-43.9535,-176.5597,13.79,90,100,3.13,NZ,2025-03-06 02:44:54
23,al bayda,32.7627,21.7551,6.65,91,12,4.7,LY,2025-03-06 02:46:02
24,stanley,54.868,-1.6985,4.01,73,2,2.57,GB,2025-03-06 02:46:03
25,monrovia,6.3005,-10.7969,25.07,88,100,1.9,LR,2025-03-06 02:46:04
26,udachny,66.4167,112.4,-21.47,92,98,0.82,RU,2025-03-06 02:46:05
27,prince rupert,54.3161,-130.3201,7.05,87,100,5.14,CA,2025-03-06 02:46:06
28,nova sintra,14.8667,-24.7167,21.11,67,100,10.01,CV,2025-03-06 02:46:07
29,galesong,-5.3166,119.3661,29.22,71,31,1.95,ID,2025-03-06 02:46:08
30,kapit,2.0167,112.9333,23.26,100,100,0.38,MY,2025-03-06 02:46:10
31,lazaro cardenas,17.9583,-102.2,23.53,81,10,1.18,MX,2025-03-06 02:46:11
32,igarka,67.4667,86.5833,-10.03,96,100,3.2,RU,2025-03-06 02:46:12
33,ushuaia,-54.8,-68.3,7.81,71,75,5.14,AR,2025-03-06 02:45:24
34,esqueda,30.7167,-109.5833,15.38,15,83,4.09,MX,2025-03-06 02:46:14
35,tiksi,71.6872,128.8694,-26.0,98,96,2.56,RU,2025-03-06 02:46:16
36,omaruru,-21.4333,15.9333,22.13,72,30,1.78,NA,2025-03-06 02:46:17
37,kangding,30.0513,101.9603,1.37,81,97,2.44,CN,2025-03-06 02:46:19
38,salekhard,66.53,66.6019,-17.63,99,100,1.57,RU,2025-03-06 02:46:20
39,castillos,-34.1667,-53.8333,23.6,81,23,3.46,UY,2025-03-06 02:46:22
40,enewetak,11.3474,162.3373,26.95,80,5,9.92,MH,2025-03-06 02:46:23
41,longyearbyen,78.2186,15.6401,-7.09,73,40,1.54,SJ,2025-03-06 02:46:24
42,zouerate,22.7187,-12.4521,14.21,62,70,4.1,MR,2025-03-06 02:46:25
43,hamilton,39.1834,-84.5333,2.11,83,100,8.75,US,2025-03-06 02:46:26
44,anadyr,64.75,177.4833,-21.72,77,6,5.0,RU,2025-03-06 02:46:28
45,oromocto,45.8351,-66.4792,3.96,100,100,2.57,CA,2025-03-06 02:46:29
46,nyrob,60.733,56.7202,-15.26,97,99,1.61,RU,2025-03-06 02:46:30
47,kikwit,-5.041,18.8162,21.73,93,100,0.56,CD,2025-03-06 02:46:31
48,ilulissat,69.2167,-51.1,-16.99,71,39,3.09,GL,2025-03-06 02:46:32
49,tura,25.5198,90.2201,25.6,19,0,0.84,IN,2025-03-06 02:45:23
50,fort mcmurray,56.7268,-111.381,-3.23,58,100,4.12,CA,2025-03-06 02:46:34
51,qamdo,31.1667,97.2333,-4.18,68,100,0.6,CN,2025-03-06 02:46:35
52,tazovsky,67.4667,78.7,-11.31,95,100,3.15,RU,2025-03-06 02:46:36
53,kovacica,45.1117,20.6214,6.7,61,0,1.85,RS,2025-03-06 02:46:38
54,kailua-kona,19.6406,-155.9956,28.09,70,0,8.23,US,2025-03-06 02:46:39
55,arraial do cabo,-22.9661,-42.0278,25.16,86,0,4.38,BR,2025-03-06 02:46:40
56,aasiaat,68.7098,-52.8699,-22.76,100,74,1.49,GL,2025-03-06 02:46:41
57,viqueque,-8.8673,126.3658,32.46,54,99,3.18,TL,2025-03-06 02:46:42
58,lompoc,34.6391,-120.4579,11.4,94,100,5.66,US,2025-03-06 02:46:43
59,santa cruz,-17.8,-63.1667,23.7,88,20,1.54,BO,2025-03-06 02:46:44
60,fort bragg,35.139,-79.006,15.75,64,20,7.2,US,2025-03-06 02:46:45
61,kupino,54.3663,77.2981,-10.87,88,78,5.19,RU,2025-03-06 02:46:46
62,mount pearl,47.5166,-52.7813,-1.59,88,20,3.6,CA,2025-03-06 02:46:48
63,olonkinbyen,70.9221,-8.7187,-2.99,68,74,8.83,SJ,2025-03-06 02:45:07
64,novyy urgal,51.0736,132.5642,-17.16,79,80,0.85,RU,2025-03-06 02:46:50
65,hermanus,-34.4187,19.2345,20.45,91,0,1.37,ZA,2025-03-06 02:46:51
66,anna regina,7.2644,-58.5077,24.62,81,37,3.76,GY,2025-03-06 02:46:52
67,ascension,30.2169,-90.9001,15.0,33,0,2.57,US,2025-03-06 02:46:53
68,qaqortoq,60.7167,-46.0333,-15.82,80,100,1.85,GL,2025-03-06 02:46:54
69,domna,51.8971,113.1573,-13.91,78,100,1.0,RU,2025-03-06 02:46:55
70,khorixas,-20.3667,14.9667,22.75,74,66,1.31,NA,2025-03-06 02:46:56
71,mugia,43.1041,-9.2179,11.06,92,100,0.47,ES,2025-03-06 02:46:58
72,krasnokamensk,50.0979,118.0369,-8.76,76,11,1.17,RU,2025-03-06 02:46:59
73,alice springs,-23.7,133.8833,36.75,13,0,5.66,AU,2025-03-06 02:47:00
74,uturoa,-16.7333,-151.4333,28.13,74,67,4.93,PF,2025-03-06 02:47:01
75,las lomitas,-24.7096,-60.593,28.85,47,22,3.95,AR,2025-03-06 02:47:02
76,karratha,-20.7377,116.8463,40.7,14,3,9.01,AU,2025-03-06 02:47:03
77,zheleznogorsk-ilimskiy,56.5768,104.1217,-6.6,91,100,1.98,RU,2025-03-06 02:47:04
78,wailua homesteads,22.0669,-159.378,26.44,78,100,7.2,US,2025-03-06 02:47:05
79,bel ombre,-4.6167,55.4167,26.91,83,20,1.03,SC,2025-03-06 02:47:06
80,cabo san lucas,22.8909,-109.9124,20.98,33,63,0.45,MX,2025-03-06 02:47:08
81,adamstown,-25.066,-130.1015,25.99,72,18,3.38,PN,2025-03-06 02:47:09
82,kodiak,57.79,-152.4072,3.73,75,0,3.09,US,2025-03-06 02:45:12
83,puerto ayora,-0.7393,-90.3518,24.75,100,62,1.73,EC,2025-03-06 02:45:22
84,kuta,-8.7233,115.1723,29.97,84,20,6.69,ID,2025-03-06 02:47:12
85,klaksvik,62.2266,-6.589,6.12,73,100,10.85,FO,2025-03-06 02:47:13
86,porto murtinho,-21.6989,-57.8825,25.62,62,0,2.46,BR,2025-03-06 02:47:14
87,mugumu,-1.85,34.7,14.88,66,24,2.61,TZ,2025-03-06 02:47:15
88,redencao,-4.2258,-38.7306,23.08,92,83,0.67,BR,2025-03-06 02:47:16
89,margaret river,-33.95,115.0667,29.09,40,80,3.23,AU,2025-03-06 02:45:13
90,alamogordo,32.8995,-105.9603,14.45,12,0,2.57,US,2025-03-06 02:47:19
91,saipan,15.1355,145.701,30.39,78,20,5.66,MP,2025-03-06 02:47:20
92,port lincoln,-34.7333,135.8667,20.48,59,27,8.81,AU,2025-03-06 02:47:21
93,razole,16.4833,81.8333,28.38,45,94,1.39,IN,2025-03-06 02:47:22
94,nijlen,51.1627,4.6709,5.59,81,0,2.68,BE,2025-03-06 02:47:23
95,thompson,55.7435,-97.8558,-12.91,72,75,6.17,CA,2025-03-06 02:47:24
96,trairi,-3.2778,-39.2689,23.77,93,100,2.55,BR,2025-03-06 02:47:25
97,ribeira grande,38.5167,-28.7,13.21,77,96,3.13,PT,2025-03-06 02:47:26
98,nova xavantina,-14.6667,-52.35,21.31,91,100,1.06,BR,2025-03-06 02:47:27
99,polyarnyy,69.1989,33.4478,-5.69,95,99,2.9,RU,2025-03-06 02:47:29
100,sola,-13.8833,167.55,28.16,69,100,3.13,VU,2025-03-06 02:47:30
101,holmsund,63.706,20.3641,0.97,93,100,1.54,SE,2025-03-06 02:47:31
102,avarua,-21.2078,-159.775,27.03,89,75,1.03,CK,2025-03-06 02:47:32
103,praia da vitoria,38.7333,-27.0667,13.14,76,40,6.8,PT,2025-03-06 02:47:33
104,kroya,-7.6331,109.2461,31.91,70,56,1.79,ID,2025-03-06 02:47:34
105,rong kwang,18.339,100.3174,23.71,21,3,1.35,TH,2025-03-06 02:47:35
106,lehrte,52.3833,9.9667,6.62,82,0,2.78,DE,2025-03-06 02:47:36
107,mwinilunga,-11.7358,24.4293,16.84,97,88,1.62,ZM,2025-03-06 02:47:37
108,shitanjing,39.2342,106.3439,-0.47,47,100,4.62,CN,2025-03-06 02:47:39
109,east london,-33.0153,27.9116,23.87,87,4,3.32,ZA,2025-03-06 02:46:00
110,huarmey,-10.0681,-78.1522,23.1,81,92,2.88,PE,2025-03-06 02:47:41
111,georgetown,5.4112,100.3354,31.96,66,20,3.09,MY,2025-03-06 02:47:42
112,anshun,26.25,105.9333,2.75,78,100,4.45,CN,2025-03-06 02:47:43
113,belmonte,-15.8631,-38.8828,24.37,87,32,2.75,BR,2025-03-06 02:47:46
114,sao joao do piaui,-8.3581,-42.2467,27.31,52,100,4.04,BR,2025-03-06 02:47:47
115,iranshahr,27.2025,60.6848,14.19,17,0,2.06,IR,2025-03-06 02:47:48
116,boende,-0.2167,20.8667,22.7,93,93,0.75,CD,2025-03-06 02:47:49
117,zheleznodorozhnyy,55.7503,38.0042,4.75,95,100,5.66,RU,2025-03-06 02:47:50
118,nago,26.5881,127.9761,15.77,88,100,7.21,JP,2025-03-06 02:47:51
119,puerto lempira,15.2667,-83.7667,24.12,81,5,4.3,HN,2025-03-06 02:47:52
120,namtsy,62.7161,129.6658,-27.95,90,99,1.56,RU,2025-03-06 02:47:53
121,crane,31.3974,-102.3501,14.65,25,100,6.34,US,2025-03-06 02:47:54
122,cannonvale,-20.2833,148.7,29.66,64,0,6.01,AU,2025-03-06 02:47:56
123,prado,-17.3411,-39.2208,23.81,89,14,2.67,BR,2025-03-06 02:47:57
124,howrah,22.5892,88.3103,23.0,38,7,4.63,IN,2025-03-06 02:47:58
125,port mathurin,-19.6833,63.4167,27.64,80,13,11.14,MU,2025-03-06 02:47:59
126,ponta delgada,37.7333,-25.6667,13.89,90,100,5.62,PT,2025-03-06 02:48:00
127,sao joao da barra,-21.6403,-41.0511,24.56,84,4,0.76,BR,2025-03-06 02:48:01
128,krasnovishersk,60.4078,57.082,-17.25,98,97,1.49,RU,2025-03-06 02:48:02
129,badger,64.8,-147.5333,6.14,55,75,2.06,US,2025-03-06 02:48:03
130,hammerfest,70.6634,23.6821,-4.75,86,20,1.03,NO,2025-03-06 02:48:04
131,lincoln,40.8,-96.667,-0.55,68,0,1.34,US,2025-03-06 02:48:06
132,atafu village,-8.5421,-172.5159,28.21,68,35,2.99,TK,2025-03-06 02:48:08
133,salym,60.0625,71.4789,-14.96,97,98,2.36,RU,2025-03-06 02:48:09
134,port pirie,-33.1833,138.0167,30.75,28,91,4.17,AU,2025-03-06 02:48:10
135,tralee,52.2704,-9.7026,4.83,98,58,2.63,IE,2025-03-06 02:48:11
136,tynda,55.1667,124.7167,-18.71,79,6,1.41,RU,2025-03-06 02:48:12
137,forio,40.7342,13.8646,13.91,58,4,2.64,IT,2025-03-06 02:48:13
138,clarksdale,34.2001,-90.5709,7.99,59,1,3.6,US,2025-03-06 02:48:14
139,lockwood,45.8191,-108.4149,4.94,51,40,3.09,US,2025-03-06 02:48:16
140,whitehorse,60.7161,-135.0538,2.83,60,75,4.12,CA,2025-03-06 02:48:17
141,neiafu,-18.65,-173.9833,25.38,94,100,3.09,TO,2025-03-06 02:48:18
142,cabedelo,-6.9811,-34.8339,25.37,79,100,5.55,BR,2025-03-06 02:48:19
143,san lorenzo,-25.3333,-57.5333,28.86,63,3,1.79,PY,2025-03-06 02:48:20
144,coahuayana de hidalgo,18.7,-103.6583,20.75,92,2,1.21,MX,2025-03-06 02:48:21
145,rio verde de mato grosso,-18.9181,-54.8442,22.29,84,89,0.54,BR,2025-03-06 02:48:24
146,alderetes,-26.8167,-65.1333,27.95,57,0,3.09,AR,2025-03-06 02:48:25
147,sao vicente,-23.9631,-46.3919,24.43,26,2,0.96,BR,2025-03-06 02:48:26
148,yumaguzino,52.9041,56.3933,-13.89,98,93,0.61,RU,2025-03-06 02:48:28
149,leh,34.1667,77.5833,-16.75,65,97,0.9,IN,2025-03-06 02:48:29
150,genhe,50.7833,121.5167,-8.38,82,99,1.38,CN,2025-03-06 02:48:30
151,lewiston orchards,46.3804,-116.9754,7.5,58,100,1.35,US,2025-03-06 02:48:31
152,luderitz,-26.6481,15.1594,18.5,78,94,4.37,NA,2025-03-06 02:48:32
153,emerald,-23.5333,148.1667,36.3,27,1,1.69,AU,2025-03-06 02:48:33
154,torbat-e jam,35.244,60.6225,7.31,32,100,0.52,IR,2025-03-06 02:48:35
155,san antonio oeste,-40.7319,-64.9477,22.35,71,100,3.45,AR,2025-03-06 02:48:36
156,vilyuchinsk,52.9306,158.4028,-2.85,50,1,7.0,RU,2025-03-06 02:48:37
157,katsuura,35.1333,140.3,9.63,86,100,4.59,JP,2025-03-06 02:48:38
158,huapinol,17.9229,-92.9109,25.5,100,75,3.09,MX,2025-03-06 02:48:39
159,pokhvistnevo,53.6524,52.1274,-2.47,97,100,2.47,RU,2025-03-06 02:48:40
160,wamba,8.9333,8.6,23.46,19,88,0.78,NG,2025-03-06 02:48:41
161,chonchi,-42.6128,-73.8092,15.62,98,100,3.28,CL,2025-03-06 02:48:42
162,brisas de zicatela,15.8369,-97.0419,25.58,68,4,1.87,MX,2025-03-06 02:48:43
163,minas de marcona,-15.2119,-75.1103,18.53,80,82,2.86,PE,2025-03-06 02:48:45
164,mount darwin,-16.7725,31.5838,17.68,99,24,1.08,ZW,2025-03-06 02:48:46
165,birao,10.2849,22.7882,23.6,17,6,2.35,CF,2025-03-06 02:48:47
166,narsingi,18.0333,78.4333,23.01,14,48,4.5,IN,2025-03-06 02:48:48
167,kingston,17.997,-76.7936,25.53,83,20,1.03,JM,2025-03-06 02:46:41
168,alotau,-10.3069,150.4462,31.95,57,85,3.53,PG,2025-03-06 02:48:51
169,papatowai,-46.5619,169.4708,17.32,57,81,2.78,NZ,2025-03-06 02:48:52
170,yanchep,-31.55,115.6833,34.86,28,0,4.61,AU,2025-03-06 02:48:54
171,sur,22.5667,59.5289,20.54,54,0,0.43,OM,2025-03-06 02:48:55
172,lahore,31.5497,74.3436,12.99,62,0,0.0,PK,2025-03-06 02:48:56
173,utrik,11.2278,169.8474,27.13,76,4,8.82,MH,2025-03-06 02:48:57
174,east ballina,-28.8667,153.5833,24.13,79,89,13.16,AU,2025-03-06 02:48:58
175,klyuchi,52.2667,79.1667,-9.11,78,89,6.16,RU,2025-03-06 02:48:59
176,barakani,-12.1356,44.4317,27.38,80,100,2.19,KM,2025-03-06 02:49:00
177,invercargill,-46.4,168.35,17.23,68,65,3.58,NZ,2025-03-06 02:49:01
178,fale old settlement,-9.3852,-171.2468,28.25,64,51,1.79,TK,2025-03-06 02:44:53
179,stuttgart,48.7823,9.177,3.42,86,0,1.03,DE,2025-03-06 02:49:04
180,oamaru,-45.0784,170.9801,15.0,56,3,3.56,NZ,2025-03-06 02:49:08
181,arkhangel'sk,64.5401,40.5433,-0.94,100,100,3.0,RU,2025-03-06 02:49:09
182,ndibene dahra,15.3338,-15.4766,17.96,64,88,6.14,SN,2025-03-06 02:49:10
183,westport,41.1415,-73.3579,11.57,95,100,6.69,US,2025-03-06 02:49:11
184,caleta olivia,-46.4393,-67.5281,14.49,65,100,5.57,AR,2025-03-06 02:49:12
185,al farwaniyah,29.2775,47.9586,15.89,91,100,2.26,KW,2025-03-06 02:49:15
186,flin flon,54.7682,-101.865,-11.92,90,80,4.38,CA,2025-03-06 02:49:16
187,alesund,62.4723,6.1549,11.11,70,100,18.52,NO,2025-03-06 02:49:17
188,khandyga,62.6667,135.6,-27.72,89,100,0.59,RU,2025-03-06 02:49:18
189,geraldton,-28.7667,114.6,32.23,55,6,4.63,AU,2025-03-06 02:49:19
190,nar'yan-mar,67.6713,53.087,-10.02,92,73,6.03,RU,2025-03-06 02:49:20
191,bizhbulyak,53.6967,54.2642,-11.11,97,95,0.88,RU,2025-03-06 02:49:21
192,mossendjo,-2.9506,12.7261,21.84,99,100,1.89,CG,2025-03-06 02:49:22
193,susuman,62.7833,148.1667,-25.49,77,100,1.35,RU,2025-03-06 02:49:24
194,el calafate,-50.3408,-72.2768,8.57,62,66,2.67,AR,2025-03-06 02:49:25
195,tokmak,47.2514,35.7058,5.59,59,85,5.79,UA,2025-03-06 02:49:26
196,colonel hill,22.7667,-74.2167,25.01,79,2,4.41,BS,2025-03-06 02:49:27
197,isafjordur,66.0755,-23.124,-3.14,88,100,1.53,IS,2025-03-06 02:49:28
198,port elizabeth,-33.918,25.5701,20.73,94,75,2.57,ZA,2025-03-06 02:49:29
199,cockburn town,21.4612,-71.1419,25.59,75,12,6.62,TC,2025-03-06 02:49:30
200,namibe,-15.1961,12.1522,23.79,79,100,1.83,AO,2025-03-06 02:49:31
201,dwarka,22.2394,68.9678,23.49,44,0,3.36,IN,2025-03-06 02:49:32
202,labytnangi,66.6572,66.4183,-16.99,99,100,0.92,RU,2025-03-06 02:47:29
203,hobbs,32.7026,-103.136,12.89,28,0,3.09,US,2025-03-06 02:47:27
204,ola,59.5833,151.2833,-16.23,69,100,0.61,RU,2025-03-06 02:49:36
205,tejen,37.3834,60.5054,7.57,43,1,1.44,TM,2025-03-06 02:49:37
206,codrington,-38.2667,141.9667,17.46,82,99,7.93,AU,2025-03-06 02:49:38
207,bireun,5.203,96.7009,28.92,71,100,2.0,ID,2025-03-06 02:49:39
208,lebu,-37.6167,-73.65,15.13,92,91,3.66,CL,2025-03-06 02:49:40
209,orkney,-26.9802,26.6727,19.4,72,2,1.09,ZA,2025-03-06 02:49:41
210,ghazni,33.5536,68.4269,-1.13,41,0,3.12,AF,2025-03-06 02:49:42
211,kindia,10.0569,-12.8658,20.3,87,91,0.95,GN,2025-03-06 02:49:43
212,puerto colombia,10.9878,-74.9547,27.05,85,11,10.41,CO,2025-03-06 02:49:45
213,petropavlovsk-kamchatsky,53.0452,158.6483,-3.67,20,1,9.0,RU,2025-03-06 02:49:46
214,aykhal,66.0,111.5,-19.4,94,96,1.36,RU,2025-03-06 02:49:47
215,kuala belait,4.5833,114.1833,26.45,78,100,1.62,BN,2025-03-06 02:49:48
216,ubari,26.5921,12.7805,16.14,34,99,5.07,LY,2025-03-06 02:49:49
217,bredy,52.4153,60.3411,-7.82,97,100,2.34,RU,2025-03-06 02:49:50
218,colonia,50.9333,6.95,5.54,69,0,2.41,DE,2025-03-06 02:49:51
219,shwebo,22.5667,95.7,27.84,23,0,3.64,MM,2025-03-06 02:49:52
220,puerto baquerizo moreno,-0.9,-89.6,26.33,81,98,2.73,EC,2025-03-06 02:49:54
221,san patricio,28.017,-97.5169,15.97,46,3,3.45,US,2025-03-06 02:49:55
222,kavieng,-2.5744,150.7967,29.79,61,26,6.33,PG,2025-03-06 02:49:56
223,usinsk,65.9939,57.5281,-18.36,93,100,3.41,RU,2025-03-06 02:49:57
224,chandla,25.0833,80.2,18.91,14,0,3.71,IN,2025-03-06 02:49:58
225,prairie du chien,43.0517,-91.1412,0.01,69,100,6.17,US,2025-03-06 02:49:59
226,al jaradiyah,16.5795,42.9124,24.87,80,7,2.54,SA,2025-03-06 02:50:00
227,rotonda west,26.8837,-82.2901,21.1,88,75,4.12,US,2025-03-06 02:50:03
228,inverness,57.4791,-4.224,11.02,82,100,7.2,GB,2025-03-06 02:50:04
229,fortuna,40.5982,-124.1573,8.53,95,100,3.09,US,2025-03-06 02:50:05
230,pasighat,28.0667,95.3333,23.39,40,13,0.82,IN,2025-03-06 02:50:06
231,gaiman,-43.2897,-65.4929,17.11,61,30,8.55,AR,2025-03-06 02:50:07
232,monghyr,25.3833,86.4667,20.6,21,0,3.71,IN,2025-03-06 02:50:08
233,ta`u,-14.2336,-169.5144,27.69,69,88,1.8,AS,2025-03-06 02:50:09
234,afaahiti,-17.75,-149.2833,26.78,71,78,2.73,PF,2025-03-06 02:50:10
235,galle,6.0367,80.217,26.45,81,96,1.56,LK,2025-03-06 02:50:12
236,lunino,53.5918,45.2271,-2.06,97,100,4.79,RU,2025-03-06 02:50:13
237,vila franca do campo,37.7167,-25.4333,13.93,93,100,4.25,PT,2025-03-06 02:45:10
238,cidreira,-30.1811,-50.2056,24.98,83,0,10.42,BR,2025-03-06 02:50:15
239,kill devil hills,36.0307,-75.676,15.01,77,0,8.23,US,2025-03-06 02:50:16
240,leninskoye,41.7589,69.3864,1.39,68,1,2.14,KZ,2025-03-06 02:50:17
241,daru,-9.0763,143.2092,29.35,70,98,2.92,PG,2025-03-06 02:50:18
242,fada,7.25,4.0667,23.89,96,72,0.85,NG,2025-03-06 02:50:19
243,navoloki,57.4657,41.9634,1.16,87,100,4.92,RU,2025-03-06 02:50:20
244,prince george,53.9166,-122.753,2.69,87,0,2.06,CA,2025-03-06 02:46:40
245,barra do garcas,-15.89,-52.2567,21.38,94,100,0.35,BR,2025-03-06 02:50:23
246,wakkanai,45.4094,141.6739,-0.01,86,75,4.12,JP,2025-03-06 02:48:59
247,jwaneng,-24.6004,24.7303,20.81,70,0,3.64,BW,2025-03-06 02:50:25
248,bamboo flat,11.7,92.7167,29.05,79,66,3.09,IN,2025-03-06 02:50:27
249,kargasok,59.0556,80.8572,-9.16,92,100,4.57,RU,2025-03-06 02:50:28
250,portland,45.5234,-122.6762,11.08,65,98,6.71,US,2025-03-06 02:48:25
251,grass valley,39.2191,-121.0611,6.29,94,100,2.57,US,2025-03-06 02:50:30
252,san antonio de pale,-1.4014,5.6325,27.68,80,98,3.98,GQ,2025-03-06 02:50:32
253,eseka,3.65,10.7667,23.04,98,91,0.62,CM,2025-03-06 02:50:33
254,shantobe,52.4581,68.1839,-3.92,95,100,7.09,KZ,2025-03-06 02:50:34
255,shobara,34.85,133.0167,5.2,77,98,3.9,JP,2025-03-06 02:50:35
256,jamestown,42.097,-79.2353,7.23,98,100,3.13,US,2025-03-06 02:50:36
257,ishigaki,24.3448,124.1572,17.07,94,75,9.26,JP,2025-03-06 02:50:37
258,abu qurqas,27.9312,30.8384,11.07,74,2,3.44,EG,2025-03-06 02:50:38
259,quellon,-43.1167,-73.6167,14.42,99,100,5.37,CL,2025-03-06 02:50:39
260,egilsstadir,65.2653,-14.3948,-3.05,93,100,0.51,IS,2025-03-06 02:50:40
261,metlili chaamba,32.2667,3.6333,11.52,82,40,8.23,DZ,2025-03-06 02:50:42
262,iecava,56.5986,24.2022,6.51,86,100,7.05,LV,2025-03-06 02:50:43
263,veraval,20.9,70.3667,23.9,19,0,3.48,IN,2025-03-06 02:50:44
264,bonthe,7.5264,-12.505,24.09,85,97,2.52,SL,2025-03-06 02:50:45
265,lospalos,-8.5186,127.0025,29.99,60,100,2.91,TL,2025-03-06 02:50:46
266,mana,5.6592,-53.7767,24.77,86,87,3.53,GF,2025-03-06 02:50:47
267,dhuusamarreeb,5.535,46.3861,22.26,80,94,3.19,SO,2025-03-06 02:50:48
268,hilo,19.7297,-155.09,26.08,75,75,3.6,US,2025-03-06 02:50:49
269,buncrana,55.1333,-7.45,6.85,83,100,5.89,IE,2025-03-06 02:50:50
270,san luis de la loma,17.2706,-100.8939,23.09,79,67,1.12,MX,2025-03-06 02:50:51
271,nogliki,51.8333,143.1667,-12.77,68,100,5.19,RU,2025-03-06 02:50:53
272,howard springs,-12.497,131.047,31.95,51,54,1.34,AU,2025-03-06 02:50:54
273,kapuskasing,49.4169,-82.4331,-14.95,85,100,7.2,CA,2025-03-06 02:50:55
274,tongliao,43.6125,122.2653,1.44,27,0,4.57,CN,2025-03-06 02:50:56
275,levuka,50.1834,-105.4011,-3.16,93,10,3.3,CA,2025-03-06 02:50:57
276,roma,43.2128,-75.4557,8.54,91,100,6.69,US,2025-03-06 02:50:58
277,bontang,0.1333,117.5,29.08,66,100,1.75,ID,2025-03-06 02:50:59
278,ketchikan,55.3422,-131.6461,7.26,81,40,3.6,US,2025-03-06 02:51:00
279,rongelap,11.1635,166.8941,26.92,78,0,9.35,MH,2025-03-06 02:51:02
280,la cruz,23.9167,-106.9,17.12,76,66,0.92,MX,2025-03-06 02:51:03
281,selfoss,63.9331,-20.9971,-0.53,92,100,2.64,IS,2025-03-06 02:51:04
282,bredasdorp,-34.5322,20.0403,19.05,92,2,0.58,ZA,2025-03-06 02:51:05
283,mandal,25.45,74.5667,19.41,12,0,2.32,IN,2025-03-06 02:51:06
284,buanoy,10.4675,123.6999,30.47,65,100,2.36,PH,2025-03-06 02:51:07
285,okha,53.5739,142.9478,-18.63,76,5,6.08,RU,2025-03-06 02:51:09
286,saint-philippe,-21.3585,55.7679,26.23,81,71,4.75,RE,2025-03-06 02:51:10
287,caleta de carquin,-11.0925,-77.6267,22.88,82,97,3.21,PE,2025-03-06 02:51:11
288,remire-montjoly,4.9167,-52.2667,24.02,94,100,3.09,GF,2025-03-06 02:51:12
289,kincardine,56.0667,-3.7167,8.15,84,100,4.76,GB,2025-03-06 02:51:13
290,pisco,-13.7,-76.2167,23.03,88,20,2.57,PE,2025-03-06 02:51:14
291,fond du lac,43.775,-88.4388,-3.21,83,100,6.69,US,2025-03-06 02:51:15
292,archangelos,36.2149,28.1149,11.99,69,1,3.12,GR,2025-03-06 02:51:17
293,blitar,-8.0983,112.1681,29.94,67,53,2.38,ID,2025-03-06 02:51:18
294,hoi an,15.8794,108.335,26.98,89,88,3.25,VN,2025-03-06 02:51:19
295,callao,-12.0667,-77.15,24.84,83,0,3.09,PE,2025-03-06 02:51:20
296,codajas,-3.8367,-62.0569,22.8,97,100,1.1,BR,2025-03-06 02:51:21
297,sandnessjoen,66.0217,12.6316,1.82,97,100,7.49,NO,2025-03-06 02:51:22
298,la passe,45.5549,-0.8967,8.12,75,5,6.27,FR,2025-03-06 02:51:23
299,twon-brass,4.3151,6.2418,27.88,79,92,4.19,NG,2025-03-06 02:51:24
300,cimitarra,6.3142,-73.9497,22.98,96,99,1.62,CO,2025-03-06 02:51:26
301,banda aceh,5.5577,95.3222,27.65,76,100,2.12,ID,2025-03-06 02:51:53
302,port alfred,-33.5906,26.891,20.66,98,63,1.79,ZA,2025-03-06 02:51:56
303,north bend,43.4065,-124.2243,8.95,81,100,4.12,US,2025-03-06 02:51:57
304,harihar,14.5167,75.8,26.4,35,16,2.6,IN,2025-03-06 02:51:58
305,rikaze,29.25,88.8833,1.95,9,0,1.14,CN,2025-03-06 02:51:59
306,dawei,14.0833,98.2,30.37,46,74,2.27,MM,2025-03-06 02:52:00
307,korla,41.7597,86.1469,3.85,48,35,2.32,CN,2025-03-06 02:52:01
308,mamuju,-2.6748,118.8885,30.39,68,100,2.29,ID,2025-03-06 02:52:02
309,okhotsk,59.3833,143.3,-18.49,80,87,4.81,RU,2025-03-06 02:52:03
310,fiambala,-27.6871,-67.6149,26.02,52,0,1.77,AR,2025-03-06 02:52:06
311,jayapura,-2.5333,140.7,32.66,64,67,3.28,ID,2025-03-06 02:52:07
312,st. john's,47.5649,-52.7093,-1.13,87,20,3.6,CA,2025-03-06 02:52:08
313,umea,63.8284,20.2597,0.96,93,100,1.54,SE,2025-03-06 02:52:09
314,tazacorte,28.629,-17.9293,14.54,67,0,2.06,ES,2025-03-06 02:52:10
315,vanino,49.0869,140.2543,-7.22,88,99,3.57,RU,2025-03-06 02:52:11
316,kerikeri,-35.2268,173.9474,21.48,40,0,3.91,NZ,2025-03-06 02:52:13
317,capitao poco,-1.7464,-47.0594,22.38,98,100,0.8,BR,2025-03-06 02:52:14
318,haiku-pauwela,20.9219,-156.3051,26.01,67,20,13.38,US,2025-03-06 02:52:16
319,bardoli,21.1167,73.1167,24.42,11,0,2.65,IN,2025-03-06 02:52:17
320,vangaindrano,-23.35,47.6,24.62,94,22,2.16,MG,2025-03-06 02:52:19
321,porto novo,6.4965,2.6036,27.08,84,54,3.04,BJ,2025-03-06 02:52:20
322,gulf park estates,30.3919,-88.7611,15.01,33,0,4.12,US,2025-03-06 02:52:21
323,tamanrasset,22.785,5.5228,17.95,24,0,5.14,DZ,2025-03-06 02:52:23
324,tanjung pandan,-2.75,107.65,29.62,68,100,1.34,ID,2025-03-06 02:52:24
325,al hazm,16.1641,44.7769,19.9,53,1,0.15,YE,2025-03-06 02:52:25
326,mcalester,34.9334,-95.7697,3.05,52,20,0.0,US,2025-03-06 02:52:26
327,constantia,44.1833,28.65,5.39,67,1,3.86,RO,2025-03-06 02:52:27
328,awjilah,29.1081,21.2869,10.18,66,33,2.91,LY,2025-03-06 02:52:28
329,manokwari,-0.8667,134.0833,28.75,71,100,5.23,ID,2025-03-06 02:52:29
330,novovyazniki,56.1975,42.1711,1.01,95,100,4.37,RU,2025-03-06 02:52:32
331,queenstown,-31.8976,26.8753,19.82,59,4,2.46,ZA,2025-03-06 02:47:53
332,habiganj,24.3833,91.4167,25.44,34,0,3.48,BD,2025-03-06 02:52:34
333,ulsteinvik,62.3432,5.8487,11.5,76,100,19.27,NO,2025-03-06 02:52:35
334,laguna,38.421,-121.4238,11.24,85,0,4.63,US,2025-03-06 02:52:36
335,carnarvon,-24.8667,113.6333,34.23,43,0,3.25,AU,2025-03-06 02:52:37
336,vorkuta,67.5,64.0,-21.97,100,99,1.87,RU,2025-03-06 02:52:38
337,suomussalmi,64.8869,28.9078,-9.79,99,99,1.0,FI,2025-03-06 02:52:39
338,salalah,17.0151,54.0924,24.05,78,40,2.06,OM,2025-03-06 02:52:41
339,alofi,-19.0595,-169.9187,26.94,78,40,4.12,NU,2025-03-06 02:52:42
340,la huacana,18.9667,-101.8167,23.32,54,3,1.97,MX,2025-03-06 02:53:51
341,fort st. john,56.2499,-120.8529,1.94,64,20,2.57,CA,2025-03-06 02:52:55
342,west island,-12.1568,96.8225,28.99,84,40,6.69,CC,2025-03-06 02:53:54
343,chebarkul',54.9749,60.3633,-8.58,97,100,1.22,RU,2025-03-06 02:53:55
344,cronulla,-34.05,151.15,26.67,65,40,7.2,AU,2025-03-06 02:53:56
345,iskateley,67.6803,53.1512,-9.88,92,75,6.05,RU,2025-03-06 02:53:59
346,biltine,14.5333,20.9167,22.57,12,32,6.47,TD,2025-03-06 02:54:00
347,hebi,35.8992,114.1925,9.86,42,100,2.19,CN,2025-03-06 02:54:01
348,sosnovo-ozerskoye,52.5249,111.5418,-11.13,84,100,1.55,RU,2025-03-06 02:54:02
349,zhosaly,45.4878,64.0781,0.92,81,100,11.38,KZ,2025-03-06 02:54:03
350,songjianghe,42.1859,127.479,-1.63,54,99,3.51,CN,2025-03-06 02:54:05
351,ust'-kulom,61.6864,53.6902,-9.59,97,99,2.35,RU,2025-03-06 02:54:06
352,yuzhno-kurilsk,44.0306,145.8556,-1.73,93,100,6.81,RU,2025-03-06 02:54:07
353,maracaibo,10.6317,-71.6406,26.57,72,33,4.85,VE,2025-03-06 02:54:08
354,barah,13.7,30.3667,19.22,15,0,5.04,SD,2025-03-06 02:54:09
355,smara,26.7384,-11.6719,14.99,67,64,3.97,EH,2025-03-06 02:54:10
356,aljezur,37.3191,-8.8033,11.65,91,25,1.14,PT,2025-03-06 02:54:11
357,hanceville,34.0607,-86.7675,5.95,70,97,6.4,US,2025-03-06 02:54:13
358,veinticinco de mayo,-35.4323,-60.1727,27.39,68,66,5.76,AR,2025-03-06 02:54:14
359,mount vernon,40.9126,-73.8371,12.01,88,100,7.72,US,2025-03-06 02:54:15
360,priargunsk,50.3691,119.1012,-14.63,89,30,1.13,RU,2025-03-06 02:54:16
361,solnechnyy,50.7214,136.6319,-10.82,72,28,3.2,RU,2025-03-06 02:54:17
362,nemuro,43.3236,145.575,-1.36,96,100,8.99,JP,2025-03-06 02:54:18
363,tolanaro,-25.0319,46.9987,25.04,94,40,0.0,MG,2025-03-06 02:54:19
364,aliwal north,-30.6937,26.7114,19.71,67,61,1.03,ZA,2025-03-06 02:54:20
365,darwin,-12.4611,130.8418,31.99,74,75,5.36,AU,2025-03-06 02:54:22
366,san miguel,13.4833,-88.1833,25.78,71,75,0.89,SV,2025-03-06 02:54:23
367,tupiza,-21.45,-65.7167,12.83,77,95,3.29,BO,2025-03-06 02:54:24
368,cill airne,52.05,-9.5167,7.03,96,49,2.75,IE,2025-03-06 02:54:25
369,shiqian,27.5225,108.2281,6.16,74,100,1.93,CN,2025-03-06 02:54:26
370,el obeid,13.1842,30.2167,19.24,14,2,5.5,SD,2025-03-06 02:54:27
371,al mijlad,11.0333,27.7333,23.58,11,2,7.88,SD,2025-03-06 02:54:28
372,nantucket,41.2835,-70.0995,8.06,93,100,12.03,US,2025-03-06 02:54:29
373,beaconsfield,45.4334,-73.8659,8.51,93,100,3.6,CA,2025-03-06 02:54:31
374,kokopo,-4.352,152.2633,30.21,60,32,3.13,PG,2025-03-06 02:54:32
375,iquitos,-3.7481,-73.2472,25.02,94,75,1.54,PE,2025-03-06 02:54:33
376,robertsport,6.7533,-11.3686,25.47,85,100,2.12,LR,2025-03-06 02:54:34
377,macau,22.2006,113.5461,12.85,94,40,10.29,MO,2025-03-06 02:54:35
378,mymensingh,24.75,90.4,23.23,32,1,3.7,BD,2025-03-06 02:54:36
379,kuruman,-27.4524,23.4325,20.85,68,0,2.27,ZA,2025-03-06 02:54:37
380,leer,53.2316,7.461,2.19,90,0,3.46,DE,2025-03-06 02:54:38
381,diego de almagro,-26.3667,-70.05,17.11,52,0,0.58,CL,2025-03-06 02:54:40
382,plettenberg bay,-34.0527,23.3716,18.6,93,0,1.4,ZA,2025-03-06 02:54:41
383,san luis,-33.295,-66.3356,24.38,67,77,4.17,AR,2025-03-06 02:54:42
384,cianorte,-23.6633,-52.605,20.65,76,53,2.58,BR,2025-03-06 02:54:43
385,alondra park,33.8895,-118.3309,12.44,96,100,2.68,US,2025-03-06 02:54:44
386,halifax,44.6453,-63.5724,3.58,95,100,3.09,CA,2025-03-06 02:54:45
387,masterton,-40.9597,175.6575,17.12,40,0,4.29,NZ,2025-03-06 02:54:46
388,morehead city,34.7229,-76.726,16.12,83,0,8.75,US,2025-03-06 02:54:47
389,nioki,-2.7167,17.6833,21.55,98,100,0.88,CD,2025-03-06 02:54:49
390,yaring,6.8662,101.3689,29.27,68,82,2.87,TH,2025-03-06 02:54:50
391,andergrove,-21.0833,149.1833,28.54,68,0,3.76,AU,2025-03-06 02:54:51
392,manakara,-22.1333,48.0167,24.4,92,72,1.91,MG,2025-03-06 02:54:52
393,angaur state,6.906,134.13,28.34,81,78,7.7,PW,2025-03-06 02:54:53
394,guamuchil,25.4667,-108.1,18.42,44,100,1.09,MX,2025-03-06 02:54:54
395,chita,52.0333,113.55,-15.06,78,100,1.0,RU,2025-03-06 02:54:56
396,ar ruseris,11.8659,34.3869,26.49,16,13,3.06,SD,2025-03-06 02:54:57
397,port blair,11.6667,92.75,29.02,79,55,3.09,IN,2025-03-06 02:54:58
398,anicuns,-16.4611,-49.9617,19.67,85,100,1.11,BR,2025-03-06 02:54:59
399,constitucion,-35.3333,-72.4167,14.85,94,22,1.18,CL,2025-03-06 02:55:00
400,waycross,31.2136,-82.354,16.03,51,100,8.75,US,2025-03-06 02:55:02
401,malvan,16.0667,73.4667,27.58,39,16,2.65,IN,2025-03-06 02:55:04
402,boguchany,58.3814,97.4531,-6.2,92,100,2.33,RU,2025-03-06 02:55:06
403,el porvenir,13.7617,-87.3458,25.1,73,65,0.73,HN,2025-03-06 02:55:08
404,maintirano,-18.0667,44.0167,25.9,88,7,3.43,MG,2025-03-06 02:55:09
405,wysokie mazowieckie,52.9166,22.5171,6.21,62,57,6.55,PL,2025-03-06 02:55:10
406,den burg,53.0542,4.7972,4.99,86,0,3.09,NL,2025-03-06 02:55:11
407,laibin,23.7,109.2667,8.89,69,100,7.17,CN,2025-03-06 02:55:13
408,mumford,5.2618,-0.759,26.54,87,70,4.65,GH,2025-03-06 02:55:14
409,thunder bay,48.4001,-89.3168,-7.01,63,100,3.09,CA,2025-03-06 02:55:15
410,magadan,59.5667,150.8,-16.6,77,100,1.18,RU,2025-03-06 02:55:16
411,labrador city,52.9463,-66.9114,-18.05,65,100,0.0,CA,2025-03-06 02:55:17
412,umm kaddadah,13.6017,26.6876,19.79,19,6,9.31,SD,2025-03-06 02:55:18
413,lobva,59.1854,60.5185,-10.35,96,100,1.72,RU,2025-03-06 02:55:19
414,hadibu,12.65,54.0333,24.15,81,53,4.47,YE,2025-03-06 02:55:20
415,new plymouth,-39.0667,174.0833,19.2,34,0,2.17,NZ,2025-03-06 02:55:21
416,bardai,11.65,7.2333,22.33,13,6,5.4,NG,2025-03-06 02:55:23
417,mata-utu,-13.2816,-176.1745,27.03,78,86,7.08,WF,2025-03-06 02:55:24
418,mili,6.0815,171.735,27.51,78,85,9.63,MH,2025-03-06 02:55:25
419,fort dodge,42.4975,-94.168,-4.44,88,2,0.89,US,2025-03-06 02:55:26
420,kitimat,54.0524,-128.6534,2.99,93,30,0.68,CA,2025-03-06 02:55:27
421,port saint john's,-31.6229,29.5448,24.58,90,41,3.46,ZA,2025-03-06 02:55:29
422,iguape,-24.7081,-47.5553,24.52,85,39,4.36,BR,2025-03-06 02:55:31
423,kourou,5.1552,-52.6478,24.0,91,86,1.57,GF,2025-03-06 02:55:32
424,sitka,57.0531,-135.33,7.94,66,75,5.66,US,2025-03-06 02:54:55
425,al kharj,24.155,47.3346,18.32,33,100,2.97,SA,2025-03-06 02:55:34
426,turpan,42.9333,89.1667,8.54,27,9,0.81,CN,2025-03-06 02:55:35
427,new norfolk,-42.7826,147.0587,18.29,40,72,1.24,AU,2025-03-06 02:55:36
428,sarupathar,26.1984,93.8094,23.66,40,6,2.28,IN,2025-03-06 02:55:37
429,oyo,7.85,3.9333,24.31,86,4,1.88,NG,2025-03-06 02:55:38
430,hafar al-batin,28.4328,45.9708,16.32,88,40,3.6,SA,2025-03-06 02:55:39
431,al ghayzah,16.2079,52.176,24.19,75,80,4.63,YE,2025-03-06 02:55:41
432,el nido,11.1858,119.3956,30.64,69,44,5.51,PH,2025-03-06 02:55:42
433,chinde,26.8212,87.7095,22.14,30,0,1.65,NP,2025-03-06 02:55:43
434,dipayal,29.2608,80.94,21.21,36,0,0.57,NP,2025-03-06 02:55:44
435,muisne,0.6,-80.0333,24.2,91,100,1.84,EC,2025-03-06 02:55:45
436,sorong,-0.8833,131.25,26.59,79,100,1.86,ID,2025-03-06 02:55:46
437,bikenibeu village,1.3673,173.1241,29.98,74,40,6.17,KI,2025-03-06 02:55:47
438,tual,-5.6667,132.75,28.66,68,96,0.67,ID,2025-03-06 02:55:48
439,noosa heads,-26.3833,153.15,26.71,65,77,8.94,AU,2025-03-06 02:55:49
440,broome,42.2506,-75.833,12.61,87,100,7.2,US,2025-03-06 02:55:50
441,imbituba,-28.24,-48.6703,22.12,92,7,5.25,BR,2025-03-06 02:55:52
442,turuntayevo,52.2,107.6167,-4.33,83,100,1.16,RU,2025-03-06 02:55:54
443,aoulef,26.9667,1.0833,19.58,46,100,7.1,DZ,2025-03-06 02:55:56
444,plastun,44.7561,136.2939,0.62,35,20,3.44,RU,2025-03-06 02:55:57
445,perevoz,55.5961,44.5446,-1.16,97,100,4.48,RU,2025-03-06 02:56:00
446,moroni,-11.7022,43.2551,26.94,77,100,0.92,KM,2025-03-06 02:56:01
447,mutoko,-17.397,32.2268,15.57,96,4,1.19,ZW,2025-03-06 02:56:02
448,nabire,-3.3667,135.4833,31.4,58,41,2.87,ID,2025-03-06 02:54:50
449,tete,-16.1564,33.5867,21.86,97,26,1.13,MZ,2025-03-06 02:56:04
450,raja,8.4596,25.678,24.74,22,13,1.57,SS,2025-03-06 02:56:05
451,taoudenni,22.6783,-3.9836,21.16,44,92,3.36,ML,2025-03-06 02:56:06
452,manaoag,16.0333,120.4833,32.98,50,12,0.31,PH,2025-03-06 02:56:07
453,silver city,32.7701,-108.2803,11.98,25,0,2.06,US,2025-03-06 02:56:09
454,margate,51.3813,1.3862,6.5,85,1,3.57,GB,2025-03-06 02:56:11
455,san rafael,-34.6177,-68.3301,20.01,87,0,3.38,AR,2025-03-06 02:56:12
456,minab,27.1467,57.0801,19.78,39,57,1.02,IR,2025-03-06 02:56:13
457,ndele,8.4109,20.6473,23.46,21,14,1.53,CF,2025-03-06 02:56:14
458,elbistan,38.2059,37.1983,0.73,74,22,1.44,TR,2025-03-06 02:56:15
459,goondiwindi,-28.55,150.3167,34.08,29,9,9.08,AU,2025-03-06 02:56:17
460,rudsar,37.1376,50.288,8.13,77,70,1.13,IR,2025-03-06 02:56:18
461,hasaki,35.7333,140.8333,10.05,59,100,5.33,JP,2025-03-06 02:56:19
462,kone,-21.0595,164.8658,29.11,76,100,0.53,NC,2025-03-06 02:56:20
463,agbabu,6.5886,4.8343,24.77,95,75,0.68,NG,2025-03-06 02:56:21
464,lerwick,60.1545,-1.1494,7.88,82,100,9.89,GB,2025-03-06 02:56:22
465,oumache,34.6929,5.6809,15.16,72,40,5.66,DZ,2025-03-06 02:56:23
466,dauphin,51.1494,-100.0502,-1.92,80,100,7.72,CA,2025-03-06 02:56:24
467,nizhniy odes,63.6445,54.856,-9.14,95,98,3.4,RU,2025-03-06 02:56:25
468,simpang,-1.2667,104.0833,25.62,92,99,1.57,ID,2025-03-06 02:56:26
469,galiakot,23.5167,74.0,21.19,13,0,2.04,IN,2025-03-06 02:56:28
470,malabar,-33.9667,151.25,26.59,59,40,7.2,AU,2025-03-06 02:56:29
471,touros,-5.1989,-35.4608,27.03,74,100,6.25,BR,2025-03-06 02:56:30
472,borger,52.9233,6.7931,2.17,83,0,3.42,NL,2025-03-06 02:56:31
473,jindabyne,-36.4167,148.6333,25.12,28,0,3.78,AU,2025-03-06 02:56:32
474,villa vicente guerrero,19.1194,-98.1708,18.58,47,64,2.63,MX,2025-03-06 02:56:33
475,dakingari,11.6451,4.0605,27.02,11,11,2.82,NG,2025-03-06 02:56:34
476,makueni boma,-1.8041,37.6203,15.01,94,86,0.5,KE,2025-03-06 02:56:35
477,tokombere,11.2271,13.4858,22.98,17,40,2.74,NG,2025-03-06 02:56:36
478,santiago de cao,-7.9589,-79.2392,23.07,83,20,3.09,PE,2025-03-06 02:56:38
479,berezovyy,51.6667,135.7,-10.71,74,100,1.46,RU,2025-03-06 02:56:39
480,moree,-29.4667,149.85,34.19,29,22,8.61,AU,2025-03-06 02:56:40
481,nueva gerona,21.8833,-82.8,25.36,77,14,1.66,CU,2025-03-06 02:56:41
482,oroqen zizhiqi,50.5667,123.7167,-5.82,64,15,0.89,CN,2025-03-06 02:56:42
483,isoka,-10.1606,32.6335,16.59,99,22,0.31,ZM,2025-03-06 02:56:43
484,manismata,-2.4667,111.0333,28.09,84,97,1.07,ID,2025-03-06 02:56:08
485,bolszewo,54.618,18.1759,9.87,45,43,7.6,PL,2025-03-06 02:56:45
486,sumbawa besar,-8.5,117.4333,31.84,63,33,2.28,ID,2025-03-06 02:56:46
487,karakecili,39.5942,33.3778,3.16,50,4,2.6,TR,2025-03-06 02:56:47
488,tanguieta,10.6212,1.2665,29.47,44,100,2.26,BJ,2025-03-06 02:56:49
489,kiunga,-6.1219,141.2906,34.07,50,99,0.99,PG,2025-03-06 02:56:50
490,florence,43.7667,11.25,8.94,81,0,0.51,IT,2025-03-06 02:56:51
491,yamada,39.4667,141.95,3.11,99,100,1.84,JP,2025-03-06 02:56:52
492,la paz,-16.5,-68.15,9.99,88,75,2.57,BO,2025-03-06 02:56:53
493,idri,27.5,13.2667,15.81,39,100,6.03,LY,2025-03-06 02:56:54
494,raduzhny,62.0961,77.475,-16.95,99,93,3.26,RU,2025-03-06 02:56:56
495,scottsbluff,41.8666,-103.6672,6.27,40,75,3.09,US,2025-03-06 02:55:17
496,hotan,37.0997,79.9269,4.57,25,78,2.34,CN,2025-03-06 02:56:59
497,isieke,6.3783,8.0352,26.63,81,73,2.8,NG,2025-03-06 02:57:00
498,tabou,4.423,-7.3528,24.66,91,97,2.36,CI,2025-03-06 02:56:36
499,gore,-46.1028,168.9436,19.31,46,64,3.62,NZ,2025-03-06 02:57:02
500,bahia blanca,-38.7196,-62.2724,21.43,95,100,7.97,AR,2025-03-06 02:57:03
501,rio gallegos,-51.6226,-69.2181,8.03,66,0,3.6,AR,2025-03-06 02:57:04
502,ancud,-41.8697,-73.8203,15.03,96,100,6.82,CL,2025-03-06 02:57:05
503,belvedere marittimo,39.6179,15.8617,11.03,65,0,2.97,IT,2025-03-06 02:57:06
504,ratangarh,28.0833,74.6,18.65,14,1,3.29,IN,2025-03-06 02:57:08
505,cooma,-36.2333,149.1333,25.82,31,1,4.61,AU,2025-03-06 02:57:10
506,campbellton,48.0075,-66.6727,-0.75,97,100,5.68,CA,2025-03-06 02:57:11
507,tobelo,1.7284,128.0095,26.12,91,100,4.68,ID,2025-03-06 02:57:12
508,essaouira,31.5125,-9.77,13.72,94,75,1.54,MA,2025-03-06 02:57:13
509,tsiombe,-25.3,45.4833,23.83,97,39,1.99,MG,2025-03-06 02:57:14
510,tadine,-21.55,167.8833,27.79,64,91,4.44,NC,2025-03-06 02:57:15
511,carutapera,-1.195,-46.02,23.51,94,100,1.45,BR,2025-03-06 02:57:16
512,kristiansund,63.1115,7.732,11.36,54,75,16.46,NO,2025-03-06 02:57:18
513,molde,62.7375,7.1591,10.91,66,100,22.64,NO,2025-03-06 02:57:19
514,karmaskaly,54.3709,56.1837,-10.05,95,83,1.62,RU,2025-03-06 02:57:20
515,la'ie,21.6477,-157.9253,26.66,78,26,3.13,US,2025-03-06 02:57:21
516,severo-yeniseyskiy,60.3725,93.0408,-8.46,93,100,2.59,RU,2025-03-06 02:57:22
517,arrifes,37.7667,-25.7,12.72,89,100,5.79,PT,2025-03-06 02:57:23
518,vadso,70.0744,29.7487,-2.91,93,75,2.57,NO,2025-03-06 02:57:24
519,walla walla,46.0646,-118.343,8.43,65,0,5.14,US,2025-03-06 02:57:25
520,lubu,23.1742,112.2809,11.77,73,100,1.94,CN,2025-03-06 02:57:26
521,forster,-32.1667,152.5167,22.99,86,95,8.33,AU,2025-03-06 02:57:27
522,kuqa,41.7278,82.9364,4.1,61,10,1.76,CN,2025-03-06 02:57:29
523,olindina,-11.3667,-38.3333,22.88,89,80,2.4,BR,2025-03-06 02:57:30
524,sanya,18.2431,109.505,28.09,69,40,6.0,CN,2025-03-06 02:57:31
525,helena valley southeast,46.6153,-111.9216,1.28,57,45,0.89,US,2025-03-06 02:57:32
526,moussoro,13.6408,16.4901,22.9,12,17,6.56,TD,2025-03-06 02:57:33
527,kimbe,-5.5502,150.1429,30.06,70,72,3.18,PG,2025-03-06 02:57:34
528,kijang,35.2442,129.2139,7.85,49,83,3.62,KR,2025-03-06 02:57:35
529,tosontsengel,48.7567,98.2839,-16.22,92,96,0.64,MN,2025-03-06 02:57:36
530,suntar,62.1444,117.6319,-17.23,92,100,2.37,RU,2025-03-06 02:57:38
531,sisimiut,66.9395,-53.6735,-21.53,89,12,2.5,GL,2025-03-06 02:57:39
532,san mariano,7.5,126.0,25.6,88,100,1.02,PH,2025-03-06 02:57:40
533,la ronge,55.1001,-105.2842,-7.86,49,0,3.09,CA,2025-03-06 02:57:41
534,utrera,37.1852,-5.7809,13.1,92,54,1.75,ES,2025-03-06 02:57:42
535,mutuali,-14.8706,37.0044,21.78,96,92,0.39,MZ,2025-03-06 02:57:43
536,toliara,-23.35,43.6667,25.03,86,0,2.01,MG,2025-03-06 02:57:44
537,cam ranh,11.9214,109.1591,29.98,58,20,1.54,VN,2025-03-06 02:57:45
538,cole harbour,44.6724,-63.4751,3.29,95,100,3.09,CA,2025-03-06 02:54:09
539,ambon,-3.6954,128.1814,29.57,100,40,2.06,ID,2025-03-06 02:57:47
540,ippy,6.2679,21.2247,26.39,35,94,1.49,CF,2025-03-06 02:57:49
541,nakamura,32.9833,132.9333,11.39,48,100,3.54,JP,2025-03-06 02:57:50
542,stornoway,58.2093,-6.3865,7.98,89,100,0.0,GB,2025-03-06 02:57:51
543,nova vicosa,-17.8919,-39.3719,24.59,85,0,4.81,BR,2025-03-06 02:57:52
544,pathein,16.7833,94.7333,31.31,31,78,6.71,MM,2025-03-06 02:57:53
545,lorengau,-2.0226,147.2712,30.32,59,16,4.37,PG,2025-03-06 02:57:54
546,dalandzadgad,43.5708,104.425,0.5,33,100,5.89,MN,2025-03-06 02:57:55
547,tegueste,28.5167,-16.3167,13.33,87,75,6.69,ES,2025-03-06 02:57:56
548,kattivakkam,13.2167,80.3167,28.96,60,31,3.32,IN,2025-03-06 02:57:57
